{
  "project_info": {
    "project_number": "7999938086",
    "project_id": "poe-part2-5e610",
    "storage_bucket": "poe-part2-5e610.firebasestorage.app"
  },
  "client": [
    {
      "client_info": {
        "mobilesdk_app_id": "1:7999938086:android:8b90742e60a35decb710e7",
        "android_client_info": {
          "package_name": "com.example.poe_part2"
        }
      },
      "oauth_client": [],
      "api_key": [
        {
          "current_key": "AIzaSyDiOkVCBIp07Obe7hQS5YvhcoBYskW_Hbw"
        }
      ],
      "services": {
        "appinvite_service": {
          "other_platform_oauth_client": []
        }
      }
    }
  ],
  "configuration_version": "1"
}